{"cameraMode":{"drawMode":0,"name":"Shaded","section":"Shading Mode"},"sceneLighting":false,"audioPlay":false,"sceneViewState":{"showFog":true,"showMaterialUpdate":false,"showSkybox":true,"showFlares":true,"showImageEffects":true,"showParticleSystems":true},"in2DMode":false,"pivot":{"x":0.5090523958206177,"y":-3.522656202316284,"z":0.03921447694301605},"rotation":{"x":0.2819467782974243,"y":0.6431910395622253,"z":-0.2764197587966919,"w":0.656051516532898},"size":2.9062957763671877,"orthographic":false}