{"cameraMode":{"drawMode":0,"name":"Shaded","section":"Shading Mode"},"sceneLighting":true,"audioPlay":false,"sceneViewState":{"showFog":true,"showMaterialUpdate":false,"showSkybox":true,"showFlares":true,"showImageEffects":true,"showParticleSystems":true},"in2DMode":false,"pivot":{"x":-1.9309548139572144,"y":1.168379306793213,"z":0.3973096013069153},"rotation":{"x":-0.3318285048007965,"y":-0.3327266275882721,"z":0.12638017535209657,"w":-0.8736194372177124},"size":1.849477767944336,"orthographic":false}