{"cameraMode":{"drawMode":0,"name":"Shaded","section":"Shading Mode"},"sceneLighting":false,"audioPlay":false,"sceneViewState":{"showFog":true,"showMaterialUpdate":false,"showSkybox":true,"showFlares":true,"showImageEffects":true,"showParticleSystems":true},"in2DMode":false,"pivot":{"x":0.31331872940063479,"y":0.03745579719543457,"z":-0.12511563301086427},"rotation":{"x":-0.09417492896318436,"y":0.9030801653862,"z":-0.33099091053009035,"w":-0.2569481134414673},"size":1.657883882522583,"orthographic":false}