{"cameraMode":{"drawMode":0,"name":"Shaded","section":"Shading Mode"},"sceneLighting":false,"audioPlay":false,"sceneViewState":{"showFog":true,"showMaterialUpdate":false,"showSkybox":true,"showFlares":true,"showImageEffects":true,"showParticleSystems":true},"in2DMode":false,"pivot":{"x":0.5090523958206177,"y":-3.522656202316284,"z":0.03921447694301605},"rotation":{"x":-0.5871808528900147,"y":0.024274297058582307,"z":-0.017620740458369256,"w":-0.8088998794555664},"size":2.9062957763671877,"orthographic":false}