{"cameraMode":{"drawMode":0,"name":"Shaded","section":"Shading Mode"},"sceneLighting":false,"audioPlay":false,"sceneViewState":{"showFog":true,"showMaterialUpdate":false,"showSkybox":true,"showFlares":true,"showImageEffects":true,"showParticleSystems":true},"in2DMode":false,"pivot":{"x":-1.3800123929977418,"y":-1.2383259534835816,"z":2.9707374572753908},"rotation":{"x":-0.05871478468179703,"y":0.9408081769943237,"z":-0.2200949490070343,"w":-0.25097978115081789},"size":2.8578836917877199,"orthographic":false}