{"cameraMode":{"drawMode":0,"name":"Shaded","section":"Shading Mode"},"sceneLighting":false,"audioPlay":false,"sceneViewState":{"showFog":true,"showMaterialUpdate":false,"showSkybox":true,"showFlares":true,"showImageEffects":true,"showParticleSystems":true},"in2DMode":false,"pivot":{"x":-1.3390052318572999,"y":-0.6986635327339172,"z":2.63070011138916},"rotation":{"x":0.012810309417545796,"y":0.7987323999404907,"z":-0.6013093590736389,"w":0.017016133293509485},"size":1.9578838348388672,"orthographic":false}