{"cameraMode":{"drawMode":0,"name":"Shaded","section":"Shading Mode"},"sceneLighting":true,"audioPlay":false,"sceneViewState":{"showFog":true,"showMaterialUpdate":false,"showSkybox":true,"showFlares":true,"showImageEffects":true,"showParticleSystems":true},"in2DMode":false,"pivot":{"x":3.4584550857543947,"y":1.043466567993164,"z":-3.188419818878174},"rotation":{"x":0.007624378893524408,"y":0.8334621787071228,"z":-0.5524052381515503,"w":0.011502769775688649},"size":12.667134284973145,"orthographic":false}